filename,category
article_5.txt,3
article_71.txt,3
article_44.txt,2
article_34.txt,1
article_23.txt,4
article_48.txt,0
article_65.txt,0
article_21.txt,3
article_24.txt,0
article_78.txt,3
article_12.txt,3
article_82.txt,2
article_7.txt,1
article_64.txt,2
article_81.txt,0
article_42.txt,1
article_100.txt,-1
article_58.txt,3
article_74.txt,2
article_39.txt,4
article_13.txt,4
article_45.txt,1
article_85.txt,2
article_8.txt,0
article_17.txt,3
article_52.txt,2
article_36.txt,2
article_40.txt,1
article_84.txt,2
article_9.txt,1
article_49.txt,0
article_50.txt,3
article_55.txt,2
article_43.txt,1
article_19.txt,1
article_16.txt,1
article_2.txt,4
article_80.txt,0
article_53.txt,3
article_62.txt,2
article_70.txt,0
article_46.txt,1
article_32.txt,3
article_79.txt,0
article_4.txt,4
article_60.txt,3
article_75.txt,4
article_87.txt,2
article_86.txt,2
article_26.txt,4
article_77.txt,0
article_0.txt,1
article_76.txt,4
article_6.txt,0
article_83.txt,0
article_72.txt,4
article_30.txt,0
article_47.txt,2
article_20.txt,4
article_63.txt,4
article_41.txt,2
article_37.txt,0
article_68.txt,0
article_25.txt,3
article_73.txt,4
article_31.txt,0
article_35.txt,1
article_14.txt,1
article_15.txt,4
article_54.txt,2
article_88.txt,0
article_61.txt,4
article_57.txt,2
article_66.txt,3
article_33.txt,2
article_27.txt,2
article_11.txt,1
article_59.txt,0
article_10.txt,3
article_18.txt,4
article_51.txt,3
article_22.txt,0
article_89.txt,2
article_29.txt,0
article_56.txt,4
article_69.txt,3
article_28.txt,4
article_38.txt,3
article_1.txt,4
article_3.txt,2
article_67.txt,4
